pid名字,邮箱,账户密码,奖励人,截图（包含邮箱&审核通过的邮件名&时间）,,,,,,,,,,,,,,,,,,
nullaus193,crrbws@cloudappmax.com,,alysia,,,,,,,,,,,,,,,,,,,
nullaus642,tbzfrv@novaluxia0.com,,alysia,,,,,,,,,,,,,,,,,,,
nullaus409,avqdwb@aurorium1.com,,alysia,,,,,,,,,,,,,,,,,,,
nullaus652,kngcix@myriadix3.com,,alysia,,,,,,,,,,,,,,,,,,,
nullaus527,zdhxzz@quantixly4.com,,alysia,,,,,,,,,,,,,,,,,,,
nullaus847,iviksi@vexara5.com,,alysia,,,,,,,,,,,,,,,,,,,
nullaus476,zvbxmd@oriblend6.com,,alysia,,,,,,,,,,,,,,,,,,,
nullaus232,xbcwhb@nimbusq7.com,,alysia,,,,,,,,,,,,,,,,,,,
nullaus191,dgdiza@voltalix8.com,,alysia,,,,,,,,,,,,,,,,,,,
nullaus343,xizkuf@codezy9.com,,alysia,,,,,,,,,,,,,,,,,,,